{"cameraMode":{"drawMode":0,"name":"Shaded","section":"Shading Mode"},"sceneLighting":false,"audioPlay":false,"sceneViewState":{"showFog":false,"showMaterialUpdate":false,"showSkybox":false,"showFlares":true,"showImageEffects":true,"showParticleSystems":true},"in2DMode":false,"pivot":{"x":-9.578054428100586,"y":0.5800957679748535,"z":13.355606079101563},"rotation":{"x":0.23293401300907136,"y":-0.1696663647890091,"z":0.041254010051488879,"w":0.9567424058914185},"size":2.779449701309204,"orthographic":false}