{"cameraMode":{"drawMode":0,"name":"Shaded","section":"Shading Mode"},"sceneLighting":false,"audioPlay":false,"sceneViewState":{"showFog":false,"showMaterialUpdate":false,"showSkybox":false,"showFlares":true,"showImageEffects":true,"showParticleSystems":true},"in2DMode":false,"pivot":{"x":-59.41822052001953,"y":14.799999237060547,"z":545.7623291015625},"rotation":{"x":0.20203714072704316,"y":0.08978059887886048,"z":-0.018555879592895509,"w":0.975057065486908},"size":12.990381240844727,"orthographic":false}