{"cameraMode":{"drawMode":0,"name":"Shaded","section":"Shading Mode"},"sceneLighting":true,"audioPlay":false,"sceneViewState":{"showFog":false,"showMaterialUpdate":false,"showSkybox":true,"showFlares":true,"showImageEffects":true,"showParticleSystems":true},"in2DMode":false,"pivot":{"x":76.27808380126953,"y":24.177732467651368,"z":98.75540161132813},"rotation":{"x":-0.4980502724647522,"y":-0.15110984444618226,"z":0.08862505853176117,"w":-0.8492582440376282},"size":8.203276634216309,"orthographic":false}