{"cameraMode":{"drawMode":0,"name":"Shaded","section":"Shading Mode"},"sceneLighting":false,"audioPlay":false,"sceneViewState":{"showFog":false,"showMaterialUpdate":false,"showSkybox":false,"showFlares":true,"showImageEffects":true,"showParticleSystems":true},"in2DMode":false,"pivot":{"x":-65.12652587890625,"y":10.571434020996094,"z":34.36666488647461},"rotation":{"x":-0.02828131802380085,"y":0.9687433242797852,"z":-0.20831546187400819,"w":-0.13159644603729249},"size":11.25278091430664,"orthographic":false}