{"cameraMode":{"drawMode":0,"name":"Shaded","section":"Shading Mode"},"sceneLighting":false,"audioPlay":false,"sceneViewState":{"showFog":false,"showMaterialUpdate":false,"showSkybox":false,"showFlares":true,"showImageEffects":true,"showParticleSystems":true},"in2DMode":false,"pivot":{"x":-2.4586615562438967,"y":5.018352508544922,"z":470.5735168457031},"rotation":{"x":-0.04477522522211075,"y":0.947681188583374,"z":-0.15372706949710847,"w":-0.2761197090148926},"size":11.795576095581055,"orthographic":false}