{"cameraMode":{"drawMode":0,"name":"Shaded","section":"Shading Mode"},"sceneLighting":false,"audioPlay":false,"sceneViewState":{"showFog":false,"showMaterialUpdate":false,"showSkybox":false,"showFlares":true,"showImageEffects":true,"showParticleSystems":true},"in2DMode":false,"pivot":{"x":-3.1195170879364015,"y":0.9389212131500244,"z":-13.427061080932618},"rotation":{"x":0.21973909437656403,"y":-0.20742973685264588,"z":0.047818779945373538,"w":0.9521045088768005},"size":3.0794496536254885,"orthographic":false}