{"cameraMode":{"drawMode":0,"name":"Shaded","section":"Shading Mode"},"sceneLighting":false,"audioPlay":false,"sceneViewState":{"showFog":false,"showMaterialUpdate":false,"showSkybox":false,"showFlares":true,"showImageEffects":true,"showParticleSystems":true},"in2DMode":false,"pivot":{"x":-2.768584966659546,"y":1.7677258253097535,"z":13.566017150878907},"rotation":{"x":-0.16741059720516206,"y":-0.03489403799176216,"z":0.005928643047809601,"w":-0.9852460622787476},"size":2.4150967597961427,"orthographic":false}