{"cameraMode":{"drawMode":0,"name":"Shaded","section":"Shading Mode"},"sceneLighting":false,"audioPlay":false,"sceneViewState":{"showFog":false,"showMaterialUpdate":false,"showSkybox":false,"showFlares":true,"showImageEffects":true,"showParticleSystems":true},"in2DMode":false,"pivot":{"x":54.84620666503906,"y":14.644388198852539,"z":14.073734283447266},"rotation":{"x":-0.025212010368704797,"y":0.9696847200393677,"z":-0.21461281180381776,"w":-0.11398930102586746},"size":3.148176908493042,"orthographic":false}