{"cameraMode":{"drawMode":0,"name":"Shaded","section":"Shading Mode"},"sceneLighting":false,"audioPlay":false,"sceneViewState":{"showFog":false,"showMaterialUpdate":false,"showSkybox":false,"showFlares":true,"showImageEffects":true,"showParticleSystems":true},"in2DMode":false,"pivot":{"x":238.85275268554688,"y":77.58154296875,"z":-106.15768432617188},"rotation":{"x":0.30582085251808169,"y":0.004586205817759037,"z":-0.0014446866698563099,"w":0.9520608186721802},"size":1.4291563034057618,"orthographic":false}